Mechanism,Temperature,Reaction,Rate.Constant
MOZART-4,288,CH3CO3 + NO2 = PAN,9.56532769658125e-12
MOZART-4,288,HO2 + NO2 = HO2NO2,1.24585780060527e-12
MOZART-4,288,HO2NO2 + OH = NO2,2.90095074698127e-12
MOZART-4,288,HO2NO2 = HO2 + NO2,0.469099879264832
MOZART-4,288,HO2NO2 = UNITY,0.000255999999353662
MOZART-4,288,MCO3 + NO2 = MPAN,8.76477709854662e-12
MOZART-4,288,MPAN + OH = .5 HYAC + .5 NO3 + .5 CH2O + .5 HO2 + .5 CO2,2.86332520194055e-11
MOZART-4,288,MPAN = MCO3 + NO2,0.00296871736645699
MOZART-4,288,MPAN = UNITY,3.9999998989515e-05
MOZART-4,288,PAN + OH = CH2O + NO3 + CO2,3.99999992980668e-14
MOZART-4,288,PAN = CH3CO3 + NO2,0.00270042265765369
MOZART-4,288,PAN = UNITY,3.9999998989515e-05
MOZART-4,288.5,CH3CO3 + NO2 = PAN,9.56532769658125e-12
MOZART-4,288.5,HO2 + NO2 = HO2NO2,1.24585780060527e-12
MOZART-4,288.5,HO2NO2 + OH = NO2,2.90095074698127e-12
MOZART-4,288.5,HO2NO2 = HO2 + NO2,0.469099879264832
MOZART-4,288.5,HO2NO2 = UNITY,0.000255999999353662
MOZART-4,288.5,MCO3 + NO2 = MPAN,8.76477709854662e-12
MOZART-4,288.5,MPAN + OH = .5 HYAC + .5 NO3 + .5 CH2O + .5 HO2 + .5 CO2,2.86332520194055e-11
MOZART-4,288.5,MPAN = MCO3 + NO2,0.00296871736645699
MOZART-4,288.5,MPAN = UNITY,3.9999998989515e-05
MOZART-4,288.5,PAN + OH = CH2O + NO3 + CO2,3.99999992980668e-14
MOZART-4,288.5,PAN = CH3CO3 + NO2,0.00270042265765369
MOZART-4,288.5,PAN = UNITY,3.9999998989515e-05
MOZART-4,289,CH3CO3 + NO2 = PAN,9.56532769658125e-12
MOZART-4,289,HO2 + NO2 = HO2NO2,1.24585780060527e-12
MOZART-4,289,HO2NO2 + OH = NO2,2.90095074698127e-12
MOZART-4,289,HO2NO2 = HO2 + NO2,0.469099879264832
MOZART-4,289,HO2NO2 = UNITY,0.000255999999353662
MOZART-4,289,MCO3 + NO2 = MPAN,8.76477709854662e-12
MOZART-4,289,MPAN + OH = .5 HYAC + .5 NO3 + .5 CH2O + .5 HO2 + .5 CO2,2.86332520194055e-11
MOZART-4,289,MPAN = MCO3 + NO2,0.00296871736645699
MOZART-4,289,MPAN = UNITY,3.9999998989515e-05
MOZART-4,289,PAN + OH = CH2O + NO3 + CO2,3.99999992980668e-14
MOZART-4,289,PAN = CH3CO3 + NO2,0.00270042265765369
MOZART-4,289,PAN = UNITY,3.9999998989515e-05
MOZART-4,289.5,CH3CO3 + NO2 = PAN,9.56532769658125e-12
MOZART-4,289.5,HO2 + NO2 = HO2NO2,1.24585780060527e-12
MOZART-4,289.5,HO2NO2 + OH = NO2,2.90095074698127e-12
MOZART-4,289.5,HO2NO2 = HO2 + NO2,0.469099879264832
MOZART-4,289.5,HO2NO2 = UNITY,0.000255999999353662
MOZART-4,289.5,MCO3 + NO2 = MPAN,8.76477709854662e-12
MOZART-4,289.5,MPAN + OH = .5 HYAC + .5 NO3 + .5 CH2O + .5 HO2 + .5 CO2,2.86332520194055e-11
MOZART-4,289.5,MPAN = MCO3 + NO2,0.00296871736645699
MOZART-4,289.5,MPAN = UNITY,3.9999998989515e-05
MOZART-4,289.5,PAN + OH = CH2O + NO3 + CO2,3.99999992980668e-14
MOZART-4,289.5,PAN = CH3CO3 + NO2,0.00270042265765369
MOZART-4,289.5,PAN = UNITY,3.9999998989515e-05
MOZART-4,290,CH3CO3 + NO2 = PAN,9.56532769658125e-12
MOZART-4,290,HO2 + NO2 = HO2NO2,1.24585780060527e-12
MOZART-4,290,HO2NO2 + OH = NO2,2.90095074698127e-12
MOZART-4,290,HO2NO2 = HO2 + NO2,0.469099879264832
MOZART-4,290,HO2NO2 = UNITY,0.000255999999353662
MOZART-4,290,MCO3 + NO2 = MPAN,8.76477709854662e-12
MOZART-4,290,MPAN + OH = .5 HYAC + .5 NO3 + .5 CH2O + .5 HO2 + .5 CO2,2.86332520194055e-11
MOZART-4,290,MPAN = MCO3 + NO2,0.00296871736645699
MOZART-4,290,MPAN = UNITY,3.9999998989515e-05
MOZART-4,290,PAN + OH = CH2O + NO3 + CO2,3.99999992980668e-14
MOZART-4,290,PAN = CH3CO3 + NO2,0.00270042265765369
MOZART-4,290,PAN = UNITY,3.9999998989515e-05
MOZART-4,290.5,CH3CO3 + NO2 = PAN,9.56532769658125e-12
MOZART-4,290.5,HO2 + NO2 = HO2NO2,1.24585780060527e-12
MOZART-4,290.5,HO2NO2 + OH = NO2,2.90095074698127e-12
MOZART-4,290.5,HO2NO2 = HO2 + NO2,0.469099879264832
MOZART-4,290.5,HO2NO2 = UNITY,0.000255999999353662
MOZART-4,290.5,MCO3 + NO2 = MPAN,8.76477709854662e-12
MOZART-4,290.5,MPAN + OH = .5 HYAC + .5 NO3 + .5 CH2O + .5 HO2 + .5 CO2,2.86332520194055e-11
MOZART-4,290.5,MPAN = MCO3 + NO2,0.00296871736645699
MOZART-4,290.5,MPAN = UNITY,3.9999998989515e-05
MOZART-4,290.5,PAN + OH = CH2O + NO3 + CO2,3.99999992980668e-14
MOZART-4,290.5,PAN = CH3CO3 + NO2,0.00270042265765369
MOZART-4,290.5,PAN = UNITY,3.9999998989515e-05
MOZART-4,291,CH3CO3 + NO2 = PAN,9.56532769658125e-12
MOZART-4,291,HO2 + NO2 = HO2NO2,1.24585780060527e-12
MOZART-4,291,HO2NO2 + OH = NO2,2.90095074698127e-12
MOZART-4,291,HO2NO2 = HO2 + NO2,0.469099879264832
MOZART-4,291,HO2NO2 = UNITY,0.000255999999353662
MOZART-4,291,MCO3 + NO2 = MPAN,8.76477709854662e-12
MOZART-4,291,MPAN + OH = .5 HYAC + .5 NO3 + .5 CH2O + .5 HO2 + .5 CO2,2.86332520194055e-11
MOZART-4,291,MPAN = MCO3 + NO2,0.00296871736645699
MOZART-4,291,MPAN = UNITY,3.9999998989515e-05
MOZART-4,291,PAN + OH = CH2O + NO3 + CO2,3.99999992980668e-14
MOZART-4,291,PAN = CH3CO3 + NO2,0.00270042265765369
MOZART-4,291,PAN = UNITY,3.9999998989515e-05
MOZART-4,291.5,CH3CO3 + NO2 = PAN,9.56532769658125e-12
MOZART-4,291.5,HO2 + NO2 = HO2NO2,1.24585780060527e-12
MOZART-4,291.5,HO2NO2 + OH = NO2,2.90095074698127e-12
MOZART-4,291.5,HO2NO2 = HO2 + NO2,0.469099879264832
MOZART-4,291.5,HO2NO2 = UNITY,0.000255999999353662
MOZART-4,291.5,MCO3 + NO2 = MPAN,8.76477709854662e-12
MOZART-4,291.5,MPAN + OH = .5 HYAC + .5 NO3 + .5 CH2O + .5 HO2 + .5 CO2,2.86332520194055e-11
MOZART-4,291.5,MPAN = MCO3 + NO2,0.00296871736645699
MOZART-4,291.5,MPAN = UNITY,3.9999998989515e-05
MOZART-4,291.5,PAN + OH = CH2O + NO3 + CO2,3.99999992980668e-14
MOZART-4,291.5,PAN = CH3CO3 + NO2,0.00270042265765369
MOZART-4,291.5,PAN = UNITY,3.9999998989515e-05
MOZART-4,292,CH3CO3 + NO2 = PAN,9.56532769658125e-12
MOZART-4,292,HO2 + NO2 = HO2NO2,1.24585780060527e-12
MOZART-4,292,HO2NO2 + OH = NO2,2.90095074698127e-12
MOZART-4,292,HO2NO2 = HO2 + NO2,0.469099879264832
MOZART-4,292,HO2NO2 = UNITY,0.000255999999353662
MOZART-4,292,MCO3 + NO2 = MPAN,8.76477709854662e-12
MOZART-4,292,MPAN + OH = .5 HYAC + .5 NO3 + .5 CH2O + .5 HO2 + .5 CO2,2.86332520194055e-11
MOZART-4,292,MPAN = MCO3 + NO2,0.00296871736645699
MOZART-4,292,MPAN = UNITY,3.9999998989515e-05
MOZART-4,292,PAN + OH = CH2O + NO3 + CO2,3.99999992980668e-14
MOZART-4,292,PAN = CH3CO3 + NO2,0.00270042265765369
MOZART-4,292,PAN = UNITY,3.9999998989515e-05
MOZART-4,292.5,CH3CO3 + NO2 = PAN,9.56532769658125e-12
MOZART-4,292.5,HO2 + NO2 = HO2NO2,1.24585780060527e-12
MOZART-4,292.5,HO2NO2 + OH = NO2,2.90095074698127e-12
MOZART-4,292.5,HO2NO2 = HO2 + NO2,0.469099879264832
MOZART-4,292.5,HO2NO2 = UNITY,0.000255999999353662
MOZART-4,292.5,MCO3 + NO2 = MPAN,8.76477709854662e-12
MOZART-4,292.5,MPAN + OH = .5 HYAC + .5 NO3 + .5 CH2O + .5 HO2 + .5 CO2,2.86332520194055e-11
MOZART-4,292.5,MPAN = MCO3 + NO2,0.00296871736645699
MOZART-4,292.5,MPAN = UNITY,3.9999998989515e-05
MOZART-4,292.5,PAN + OH = CH2O + NO3 + CO2,3.99999992980668e-14
MOZART-4,292.5,PAN = CH3CO3 + NO2,0.00270042265765369
MOZART-4,292.5,PAN = UNITY,3.9999998989515e-05
MOZART-4,293,CH3CO3 + NO2 = PAN,9.56532769658125e-12
MOZART-4,293,HO2 + NO2 = HO2NO2,1.24585780060527e-12
MOZART-4,293,HO2NO2 + OH = NO2,2.90095074698127e-12
MOZART-4,293,HO2NO2 = HO2 + NO2,0.469099879264832
MOZART-4,293,HO2NO2 = UNITY,0.000255999999353662
MOZART-4,293,MCO3 + NO2 = MPAN,8.76477709854662e-12
MOZART-4,293,MPAN + OH = .5 HYAC + .5 NO3 + .5 CH2O + .5 HO2 + .5 CO2,2.86332520194055e-11
MOZART-4,293,MPAN = MCO3 + NO2,0.00296871736645699
MOZART-4,293,MPAN = UNITY,3.9999998989515e-05
MOZART-4,293,PAN + OH = CH2O + NO3 + CO2,3.99999992980668e-14
MOZART-4,293,PAN = CH3CO3 + NO2,0.00270042265765369
MOZART-4,293,PAN = UNITY,3.9999998989515e-05
MOZART-4,293.5,CH3CO3 + NO2 = PAN,9.56532769658125e-12
MOZART-4,293.5,HO2 + NO2 = HO2NO2,1.24585780060527e-12
MOZART-4,293.5,HO2NO2 + OH = NO2,2.90095074698127e-12
MOZART-4,293.5,HO2NO2 = HO2 + NO2,0.469099879264832
MOZART-4,293.5,HO2NO2 = UNITY,0.000255999999353662
MOZART-4,293.5,MCO3 + NO2 = MPAN,8.76477709854662e-12
MOZART-4,293.5,MPAN + OH = .5 HYAC + .5 NO3 + .5 CH2O + .5 HO2 + .5 CO2,2.86332520194055e-11
MOZART-4,293.5,MPAN = MCO3 + NO2,0.00296871736645699
MOZART-4,293.5,MPAN = UNITY,3.9999998989515e-05
MOZART-4,293.5,PAN + OH = CH2O + NO3 + CO2,3.99999992980668e-14
MOZART-4,293.5,PAN = CH3CO3 + NO2,0.00270042265765369
MOZART-4,293.5,PAN = UNITY,3.9999998989515e-05
MOZART-4,294,CH3CO3 + NO2 = PAN,9.56532769658125e-12
MOZART-4,294,HO2 + NO2 = HO2NO2,1.24585780060527e-12
MOZART-4,294,HO2NO2 + OH = NO2,2.90095074698127e-12
MOZART-4,294,HO2NO2 = HO2 + NO2,0.469099879264832
MOZART-4,294,HO2NO2 = UNITY,0.000255999999353662
MOZART-4,294,MCO3 + NO2 = MPAN,8.76477709854662e-12
MOZART-4,294,MPAN + OH = .5 HYAC + .5 NO3 + .5 CH2O + .5 HO2 + .5 CO2,2.86332520194055e-11
MOZART-4,294,MPAN = MCO3 + NO2,0.00296871736645699
MOZART-4,294,MPAN = UNITY,3.9999998989515e-05
MOZART-4,294,PAN + OH = CH2O + NO3 + CO2,3.99999992980668e-14
MOZART-4,294,PAN = CH3CO3 + NO2,0.00270042265765369
MOZART-4,294,PAN = UNITY,3.9999998989515e-05
MOZART-4,294.5,CH3CO3 + NO2 = PAN,9.56532769658125e-12
MOZART-4,294.5,HO2 + NO2 = HO2NO2,1.24585780060527e-12
MOZART-4,294.5,HO2NO2 + OH = NO2,2.90095074698127e-12
MOZART-4,294.5,HO2NO2 = HO2 + NO2,0.469099879264832
MOZART-4,294.5,HO2NO2 = UNITY,0.000255999999353662
MOZART-4,294.5,MCO3 + NO2 = MPAN,8.76477709854662e-12
MOZART-4,294.5,MPAN + OH = .5 HYAC + .5 NO3 + .5 CH2O + .5 HO2 + .5 CO2,2.86332520194055e-11
MOZART-4,294.5,MPAN = MCO3 + NO2,0.00296871736645699
MOZART-4,294.5,MPAN = UNITY,3.9999998989515e-05
MOZART-4,294.5,PAN + OH = CH2O + NO3 + CO2,3.99999992980668e-14
MOZART-4,294.5,PAN = CH3CO3 + NO2,0.00270042265765369
MOZART-4,294.5,PAN = UNITY,3.9999998989515e-05
MOZART-4,295,CH3CO3 + NO2 = PAN,9.56532769658125e-12
MOZART-4,295,HO2 + NO2 = HO2NO2,1.24585780060527e-12
MOZART-4,295,HO2NO2 + OH = NO2,2.90095074698127e-12
MOZART-4,295,HO2NO2 = HO2 + NO2,0.469099879264832
MOZART-4,295,HO2NO2 = UNITY,0.000255999999353662
MOZART-4,295,MCO3 + NO2 = MPAN,8.76477709854662e-12
MOZART-4,295,MPAN + OH = .5 HYAC + .5 NO3 + .5 CH2O + .5 HO2 + .5 CO2,2.86332520194055e-11
MOZART-4,295,MPAN = MCO3 + NO2,0.00296871736645699
MOZART-4,295,MPAN = UNITY,3.9999998989515e-05
MOZART-4,295,PAN + OH = CH2O + NO3 + CO2,3.99999992980668e-14
MOZART-4,295,PAN = CH3CO3 + NO2,0.00270042265765369
MOZART-4,295,PAN = UNITY,3.9999998989515e-05
MOZART-4,295.5,CH3CO3 + NO2 = PAN,9.56532769658125e-12
MOZART-4,295.5,HO2 + NO2 = HO2NO2,1.24585780060527e-12
MOZART-4,295.5,HO2NO2 + OH = NO2,2.90095074698127e-12
MOZART-4,295.5,HO2NO2 = HO2 + NO2,0.469099879264832
MOZART-4,295.5,HO2NO2 = UNITY,0.000255999999353662
MOZART-4,295.5,MCO3 + NO2 = MPAN,8.76477709854662e-12
MOZART-4,295.5,MPAN + OH = .5 HYAC + .5 NO3 + .5 CH2O + .5 HO2 + .5 CO2,2.86332520194055e-11
MOZART-4,295.5,MPAN = MCO3 + NO2,0.00296871736645699
MOZART-4,295.5,MPAN = UNITY,3.9999998989515e-05
MOZART-4,295.5,PAN + OH = CH2O + NO3 + CO2,3.99999992980668e-14
MOZART-4,295.5,PAN = CH3CO3 + NO2,0.00270042265765369
MOZART-4,295.5,PAN = UNITY,3.9999998989515e-05
MOZART-4,296,CH3CO3 + NO2 = PAN,9.56532769658125e-12
MOZART-4,296,HO2 + NO2 = HO2NO2,1.24585780060527e-12
MOZART-4,296,HO2NO2 + OH = NO2,2.90095074698127e-12
MOZART-4,296,HO2NO2 = HO2 + NO2,0.469099879264832
MOZART-4,296,HO2NO2 = UNITY,0.000255999999353662
MOZART-4,296,MCO3 + NO2 = MPAN,8.76477709854662e-12
MOZART-4,296,MPAN + OH = .5 HYAC + .5 NO3 + .5 CH2O + .5 HO2 + .5 CO2,2.86332520194055e-11
MOZART-4,296,MPAN = MCO3 + NO2,0.00296871736645699
MOZART-4,296,MPAN = UNITY,3.9999998989515e-05
MOZART-4,296,PAN + OH = CH2O + NO3 + CO2,3.99999992980668e-14
MOZART-4,296,PAN = CH3CO3 + NO2,0.00270042265765369
MOZART-4,296,PAN = UNITY,3.9999998989515e-05
MOZART-4,296.5,CH3CO3 + NO2 = PAN,9.56532769658125e-12
MOZART-4,296.5,HO2 + NO2 = HO2NO2,1.24585780060527e-12
MOZART-4,296.5,HO2NO2 + OH = NO2,2.90095074698127e-12
MOZART-4,296.5,HO2NO2 = HO2 + NO2,0.469099879264832
MOZART-4,296.5,HO2NO2 = UNITY,0.000255999999353662
MOZART-4,296.5,MCO3 + NO2 = MPAN,8.76477709854662e-12
MOZART-4,296.5,MPAN + OH = .5 HYAC + .5 NO3 + .5 CH2O + .5 HO2 + .5 CO2,2.86332520194055e-11
MOZART-4,296.5,MPAN = MCO3 + NO2,0.00296871736645699
MOZART-4,296.5,MPAN = UNITY,3.9999998989515e-05
MOZART-4,296.5,PAN + OH = CH2O + NO3 + CO2,3.99999992980668e-14
MOZART-4,296.5,PAN = CH3CO3 + NO2,0.00270042265765369
MOZART-4,296.5,PAN = UNITY,3.9999998989515e-05
MOZART-4,297,CH3CO3 + NO2 = PAN,9.56532769658125e-12
MOZART-4,297,HO2 + NO2 = HO2NO2,1.24585780060527e-12
MOZART-4,297,HO2NO2 + OH = NO2,2.90095074698127e-12
MOZART-4,297,HO2NO2 = HO2 + NO2,0.469099879264832
MOZART-4,297,HO2NO2 = UNITY,0.000255999999353662
MOZART-4,297,MCO3 + NO2 = MPAN,8.76477709854662e-12
MOZART-4,297,MPAN + OH = .5 HYAC + .5 NO3 + .5 CH2O + .5 HO2 + .5 CO2,2.86332520194055e-11
MOZART-4,297,MPAN = MCO3 + NO2,0.00296871736645699
MOZART-4,297,MPAN = UNITY,3.9999998989515e-05
MOZART-4,297,PAN + OH = CH2O + NO3 + CO2,3.99999992980668e-14
MOZART-4,297,PAN = CH3CO3 + NO2,0.00270042265765369
MOZART-4,297,PAN = UNITY,3.9999998989515e-05
MOZART-4,297.5,CH3CO3 + NO2 = PAN,9.56532769658125e-12
MOZART-4,297.5,HO2 + NO2 = HO2NO2,1.24585780060527e-12
MOZART-4,297.5,HO2NO2 + OH = NO2,2.90095074698127e-12
MOZART-4,297.5,HO2NO2 = HO2 + NO2,0.469099879264832
MOZART-4,297.5,HO2NO2 = UNITY,0.000255999999353662
MOZART-4,297.5,MCO3 + NO2 = MPAN,8.76477709854662e-12
MOZART-4,297.5,MPAN + OH = .5 HYAC + .5 NO3 + .5 CH2O + .5 HO2 + .5 CO2,2.86332520194055e-11
MOZART-4,297.5,MPAN = MCO3 + NO2,0.00296871736645699
MOZART-4,297.5,MPAN = UNITY,3.9999998989515e-05
MOZART-4,297.5,PAN + OH = CH2O + NO3 + CO2,3.99999992980668e-14
MOZART-4,297.5,PAN = CH3CO3 + NO2,0.00270042265765369
MOZART-4,297.5,PAN = UNITY,3.9999998989515e-05
MOZART-4,298,CH3CO3 + NO2 = PAN,9.56532769658125e-12
MOZART-4,298,HO2 + NO2 = HO2NO2,1.24585780060527e-12
MOZART-4,298,HO2NO2 + OH = NO2,2.90095074698127e-12
MOZART-4,298,HO2NO2 = HO2 + NO2,0.469099879264832
MOZART-4,298,HO2NO2 = UNITY,0.000255999999353662
MOZART-4,298,MCO3 + NO2 = MPAN,8.76477709854662e-12
MOZART-4,298,MPAN + OH = .5 HYAC + .5 NO3 + .5 CH2O + .5 HO2 + .5 CO2,2.86332520194055e-11
MOZART-4,298,MPAN = MCO3 + NO2,0.00296871736645699
MOZART-4,298,MPAN = UNITY,3.9999998989515e-05
MOZART-4,298,PAN + OH = CH2O + NO3 + CO2,3.99999992980668e-14
MOZART-4,298,PAN = CH3CO3 + NO2,0.00270042265765369
MOZART-4,298,PAN = UNITY,3.9999998989515e-05
MOZART-4,298.5,CH3CO3 + NO2 = PAN,9.56532769658125e-12
MOZART-4,298.5,HO2 + NO2 = HO2NO2,1.24585780060527e-12
MOZART-4,298.5,HO2NO2 + OH = NO2,2.90095074698127e-12
MOZART-4,298.5,HO2NO2 = HO2 + NO2,0.469099879264832
MOZART-4,298.5,HO2NO2 = UNITY,0.000255999999353662
MOZART-4,298.5,MCO3 + NO2 = MPAN,8.76477709854662e-12
MOZART-4,298.5,MPAN + OH = .5 HYAC + .5 NO3 + .5 CH2O + .5 HO2 + .5 CO2,2.86332520194055e-11
MOZART-4,298.5,MPAN = MCO3 + NO2,0.00296871736645699
MOZART-4,298.5,MPAN = UNITY,3.9999998989515e-05
MOZART-4,298.5,PAN + OH = CH2O + NO3 + CO2,3.99999992980668e-14
MOZART-4,298.5,PAN = CH3CO3 + NO2,0.00270042265765369
MOZART-4,298.5,PAN = UNITY,3.9999998989515e-05
MOZART-4,299,CH3CO3 + NO2 = PAN,9.56532769658125e-12
MOZART-4,299,HO2 + NO2 = HO2NO2,1.24585780060527e-12
MOZART-4,299,HO2NO2 + OH = NO2,2.90095074698127e-12
MOZART-4,299,HO2NO2 = HO2 + NO2,0.469099879264832
MOZART-4,299,HO2NO2 = UNITY,0.000255999999353662
MOZART-4,299,MCO3 + NO2 = MPAN,8.76477709854662e-12
MOZART-4,299,MPAN + OH = .5 HYAC + .5 NO3 + .5 CH2O + .5 HO2 + .5 CO2,2.86332520194055e-11
MOZART-4,299,MPAN = MCO3 + NO2,0.00296871736645699
MOZART-4,299,MPAN = UNITY,3.9999998989515e-05
MOZART-4,299,PAN + OH = CH2O + NO3 + CO2,3.99999992980668e-14
MOZART-4,299,PAN = CH3CO3 + NO2,0.00270042265765369
MOZART-4,299,PAN = UNITY,3.9999998989515e-05
MOZART-4,299.5,CH3CO3 + NO2 = PAN,9.56532769658125e-12
MOZART-4,299.5,HO2 + NO2 = HO2NO2,1.24585780060527e-12
MOZART-4,299.5,HO2NO2 + OH = NO2,2.90095074698127e-12
MOZART-4,299.5,HO2NO2 = HO2 + NO2,0.469099879264832
MOZART-4,299.5,HO2NO2 = UNITY,0.000255999999353662
MOZART-4,299.5,MCO3 + NO2 = MPAN,8.76477709854662e-12
MOZART-4,299.5,MPAN + OH = .5 HYAC + .5 NO3 + .5 CH2O + .5 HO2 + .5 CO2,2.86332520194055e-11
MOZART-4,299.5,MPAN = MCO3 + NO2,0.00296871736645699
MOZART-4,299.5,MPAN = UNITY,3.9999998989515e-05
MOZART-4,299.5,PAN + OH = CH2O + NO3 + CO2,3.99999992980668e-14
MOZART-4,299.5,PAN = CH3CO3 + NO2,0.00270042265765369
MOZART-4,299.5,PAN = UNITY,3.9999998989515e-05
MOZART-4,300,CH3CO3 + NO2 = PAN,9.56532769658125e-12
MOZART-4,300,HO2 + NO2 = HO2NO2,1.24585780060527e-12
MOZART-4,300,HO2NO2 + OH = NO2,2.90095074698127e-12
MOZART-4,300,HO2NO2 = HO2 + NO2,0.469099879264832
MOZART-4,300,HO2NO2 = UNITY,0.000255999999353662
MOZART-4,300,MCO3 + NO2 = MPAN,8.76477709854662e-12
MOZART-4,300,MPAN + OH = .5 HYAC + .5 NO3 + .5 CH2O + .5 HO2 + .5 CO2,2.86332520194055e-11
MOZART-4,300,MPAN = MCO3 + NO2,0.00296871736645699
MOZART-4,300,MPAN = UNITY,3.9999998989515e-05
MOZART-4,300,PAN + OH = CH2O + NO3 + CO2,3.99999992980668e-14
MOZART-4,300,PAN = CH3CO3 + NO2,0.00270042265765369
MOZART-4,300,PAN = UNITY,3.9999998989515e-05
MOZART-4,300.5,CH3CO3 + NO2 = PAN,9.56532769658125e-12
MOZART-4,300.5,HO2 + NO2 = HO2NO2,1.24585780060527e-12
MOZART-4,300.5,HO2NO2 + OH = NO2,2.90095074698127e-12
MOZART-4,300.5,HO2NO2 = HO2 + NO2,0.469099879264832
MOZART-4,300.5,HO2NO2 = UNITY,0.000255999999353662
MOZART-4,300.5,MCO3 + NO2 = MPAN,8.76477709854662e-12
MOZART-4,300.5,MPAN + OH = .5 HYAC + .5 NO3 + .5 CH2O + .5 HO2 + .5 CO2,2.86332520194055e-11
MOZART-4,300.5,MPAN = MCO3 + NO2,0.00296871736645699
MOZART-4,300.5,MPAN = UNITY,3.9999998989515e-05
MOZART-4,300.5,PAN + OH = CH2O + NO3 + CO2,3.99999992980668e-14
MOZART-4,300.5,PAN = CH3CO3 + NO2,0.00270042265765369
MOZART-4,300.5,PAN = UNITY,3.9999998989515e-05
MOZART-4,301,CH3CO3 + NO2 = PAN,9.56532769658125e-12
MOZART-4,301,HO2 + NO2 = HO2NO2,1.24585780060527e-12
MOZART-4,301,HO2NO2 + OH = NO2,2.90095074698127e-12
MOZART-4,301,HO2NO2 = HO2 + NO2,0.469099879264832
MOZART-4,301,HO2NO2 = UNITY,0.000255999999353662
MOZART-4,301,MCO3 + NO2 = MPAN,8.76477709854662e-12
MOZART-4,301,MPAN + OH = .5 HYAC + .5 NO3 + .5 CH2O + .5 HO2 + .5 CO2,2.86332520194055e-11
MOZART-4,301,MPAN = MCO3 + NO2,0.00296871736645699
MOZART-4,301,MPAN = UNITY,3.9999998989515e-05
MOZART-4,301,PAN + OH = CH2O + NO3 + CO2,3.99999992980668e-14
MOZART-4,301,PAN = CH3CO3 + NO2,0.00270042265765369
MOZART-4,301,PAN = UNITY,3.9999998989515e-05
MOZART-4,301.5,CH3CO3 + NO2 = PAN,9.56532769658125e-12
MOZART-4,301.5,HO2 + NO2 = HO2NO2,1.24585780060527e-12
MOZART-4,301.5,HO2NO2 + OH = NO2,2.90095074698127e-12
MOZART-4,301.5,HO2NO2 = HO2 + NO2,0.469099879264832
MOZART-4,301.5,HO2NO2 = UNITY,0.000255999999353662
MOZART-4,301.5,MCO3 + NO2 = MPAN,8.76477709854662e-12
MOZART-4,301.5,MPAN + OH = .5 HYAC + .5 NO3 + .5 CH2O + .5 HO2 + .5 CO2,2.86332520194055e-11
MOZART-4,301.5,MPAN = MCO3 + NO2,0.00296871736645699
MOZART-4,301.5,MPAN = UNITY,3.9999998989515e-05
MOZART-4,301.5,PAN + OH = CH2O + NO3 + CO2,3.99999992980668e-14
MOZART-4,301.5,PAN = CH3CO3 + NO2,0.00270042265765369
MOZART-4,301.5,PAN = UNITY,3.9999998989515e-05
MOZART-4,302,CH3CO3 + NO2 = PAN,9.56532769658125e-12
MOZART-4,302,HO2 + NO2 = HO2NO2,1.24585780060527e-12
MOZART-4,302,HO2NO2 + OH = NO2,2.90095074698127e-12
MOZART-4,302,HO2NO2 = HO2 + NO2,0.469099879264832
MOZART-4,302,HO2NO2 = UNITY,0.000255999999353662
MOZART-4,302,MCO3 + NO2 = MPAN,8.76477709854662e-12
MOZART-4,302,MPAN + OH = .5 HYAC + .5 NO3 + .5 CH2O + .5 HO2 + .5 CO2,2.86332520194055e-11
MOZART-4,302,MPAN = MCO3 + NO2,0.00296871736645699
MOZART-4,302,MPAN = UNITY,3.9999998989515e-05
MOZART-4,302,PAN + OH = CH2O + NO3 + CO2,3.99999992980668e-14
MOZART-4,302,PAN = CH3CO3 + NO2,0.00270042265765369
MOZART-4,302,PAN = UNITY,3.9999998989515e-05
MOZART-4,302.5,CH3CO3 + NO2 = PAN,9.56532769658125e-12
MOZART-4,302.5,HO2 + NO2 = HO2NO2,1.24585780060527e-12
MOZART-4,302.5,HO2NO2 + OH = NO2,2.90095074698127e-12
MOZART-4,302.5,HO2NO2 = HO2 + NO2,0.469099879264832
MOZART-4,302.5,HO2NO2 = UNITY,0.000255999999353662
MOZART-4,302.5,MCO3 + NO2 = MPAN,8.76477709854662e-12
MOZART-4,302.5,MPAN + OH = .5 HYAC + .5 NO3 + .5 CH2O + .5 HO2 + .5 CO2,2.86332520194055e-11
MOZART-4,302.5,MPAN = MCO3 + NO2,0.00296871736645699
MOZART-4,302.5,MPAN = UNITY,3.9999998989515e-05
MOZART-4,302.5,PAN + OH = CH2O + NO3 + CO2,3.99999992980668e-14
MOZART-4,302.5,PAN = CH3CO3 + NO2,0.00270042265765369
MOZART-4,302.5,PAN = UNITY,3.9999998989515e-05
MOZART-4,303,CH3CO3 + NO2 = PAN,9.56532769658125e-12
MOZART-4,303,HO2 + NO2 = HO2NO2,1.24585780060527e-12
MOZART-4,303,HO2NO2 + OH = NO2,2.90095074698127e-12
MOZART-4,303,HO2NO2 = HO2 + NO2,0.469099879264832
MOZART-4,303,HO2NO2 = UNITY,0.000255999999353662
MOZART-4,303,MCO3 + NO2 = MPAN,8.76477709854662e-12
MOZART-4,303,MPAN + OH = .5 HYAC + .5 NO3 + .5 CH2O + .5 HO2 + .5 CO2,2.86332520194055e-11
MOZART-4,303,MPAN = MCO3 + NO2,0.00296871736645699
MOZART-4,303,MPAN = UNITY,3.9999998989515e-05
MOZART-4,303,PAN + OH = CH2O + NO3 + CO2,3.99999992980668e-14
MOZART-4,303,PAN = CH3CO3 + NO2,0.00270042265765369
MOZART-4,303,PAN = UNITY,3.9999998989515e-05
MOZART-4,303.5,CH3CO3 + NO2 = PAN,9.56532769658125e-12
MOZART-4,303.5,HO2 + NO2 = HO2NO2,1.24585780060527e-12
MOZART-4,303.5,HO2NO2 + OH = NO2,2.90095074698127e-12
MOZART-4,303.5,HO2NO2 = HO2 + NO2,0.469099879264832
MOZART-4,303.5,HO2NO2 = UNITY,0.000255999999353662
MOZART-4,303.5,MCO3 + NO2 = MPAN,8.76477709854662e-12
MOZART-4,303.5,MPAN + OH = .5 HYAC + .5 NO3 + .5 CH2O + .5 HO2 + .5 CO2,2.86332520194055e-11
MOZART-4,303.5,MPAN = MCO3 + NO2,0.00296871736645699
MOZART-4,303.5,MPAN = UNITY,3.9999998989515e-05
MOZART-4,303.5,PAN + OH = CH2O + NO3 + CO2,3.99999992980668e-14
MOZART-4,303.5,PAN = CH3CO3 + NO2,0.00270042265765369
MOZART-4,303.5,PAN = UNITY,3.9999998989515e-05
MOZART-4,304,CH3CO3 + NO2 = PAN,9.56532769658125e-12
MOZART-4,304,HO2 + NO2 = HO2NO2,1.24585780060527e-12
MOZART-4,304,HO2NO2 + OH = NO2,2.90095074698127e-12
MOZART-4,304,HO2NO2 = HO2 + NO2,0.469099879264832
MOZART-4,304,HO2NO2 = UNITY,0.000255999999353662
MOZART-4,304,MCO3 + NO2 = MPAN,8.76477709854662e-12
MOZART-4,304,MPAN + OH = .5 HYAC + .5 NO3 + .5 CH2O + .5 HO2 + .5 CO2,2.86332520194055e-11
MOZART-4,304,MPAN = MCO3 + NO2,0.00296871736645699
MOZART-4,304,MPAN = UNITY,3.9999998989515e-05
MOZART-4,304,PAN + OH = CH2O + NO3 + CO2,3.99999992980668e-14
MOZART-4,304,PAN = CH3CO3 + NO2,0.00270042265765369
MOZART-4,304,PAN = UNITY,3.9999998989515e-05
MOZART-4,304.5,CH3CO3 + NO2 = PAN,9.56532769658125e-12
MOZART-4,304.5,HO2 + NO2 = HO2NO2,1.24585780060527e-12
MOZART-4,304.5,HO2NO2 + OH = NO2,2.90095074698127e-12
MOZART-4,304.5,HO2NO2 = HO2 + NO2,0.469099879264832
MOZART-4,304.5,HO2NO2 = UNITY,0.000255999999353662
MOZART-4,304.5,MCO3 + NO2 = MPAN,8.76477709854662e-12
MOZART-4,304.5,MPAN + OH = .5 HYAC + .5 NO3 + .5 CH2O + .5 HO2 + .5 CO2,2.86332520194055e-11
MOZART-4,304.5,MPAN = MCO3 + NO2,0.00296871736645699
MOZART-4,304.5,MPAN = UNITY,3.9999998989515e-05
MOZART-4,304.5,PAN + OH = CH2O + NO3 + CO2,3.99999992980668e-14
MOZART-4,304.5,PAN = CH3CO3 + NO2,0.00270042265765369
MOZART-4,304.5,PAN = UNITY,3.9999998989515e-05
MOZART-4,305,CH3CO3 + NO2 = PAN,9.56532769658125e-12
MOZART-4,305,HO2 + NO2 = HO2NO2,1.24585780060527e-12
MOZART-4,305,HO2NO2 + OH = NO2,2.90095074698127e-12
MOZART-4,305,HO2NO2 = HO2 + NO2,0.469099879264832
MOZART-4,305,HO2NO2 = UNITY,0.000255999999353662
MOZART-4,305,MCO3 + NO2 = MPAN,8.76477709854662e-12
MOZART-4,305,MPAN + OH = .5 HYAC + .5 NO3 + .5 CH2O + .5 HO2 + .5 CO2,2.86332520194055e-11
MOZART-4,305,MPAN = MCO3 + NO2,0.00296871736645699
MOZART-4,305,MPAN = UNITY,3.9999998989515e-05
MOZART-4,305,PAN + OH = CH2O + NO3 + CO2,3.99999992980668e-14
MOZART-4,305,PAN = CH3CO3 + NO2,0.00270042265765369
MOZART-4,305,PAN = UNITY,3.9999998989515e-05
MOZART-4,305.5,CH3CO3 + NO2 = PAN,9.56532769658125e-12
MOZART-4,305.5,HO2 + NO2 = HO2NO2,1.24585780060527e-12
MOZART-4,305.5,HO2NO2 + OH = NO2,2.90095074698127e-12
MOZART-4,305.5,HO2NO2 = HO2 + NO2,0.469099879264832
MOZART-4,305.5,HO2NO2 = UNITY,0.000255999999353662
MOZART-4,305.5,MCO3 + NO2 = MPAN,8.76477709854662e-12
MOZART-4,305.5,MPAN + OH = .5 HYAC + .5 NO3 + .5 CH2O + .5 HO2 + .5 CO2,2.86332520194055e-11
MOZART-4,305.5,MPAN = MCO3 + NO2,0.00296871736645699
MOZART-4,305.5,MPAN = UNITY,3.9999998989515e-05
MOZART-4,305.5,PAN + OH = CH2O + NO3 + CO2,3.99999992980668e-14
MOZART-4,305.5,PAN = CH3CO3 + NO2,0.00270042265765369
MOZART-4,305.5,PAN = UNITY,3.9999998989515e-05
MOZART-4,306,CH3CO3 + NO2 = PAN,9.56532769658125e-12
MOZART-4,306,HO2 + NO2 = HO2NO2,1.24585780060527e-12
MOZART-4,306,HO2NO2 + OH = NO2,2.90095074698127e-12
MOZART-4,306,HO2NO2 = HO2 + NO2,0.469099879264832
MOZART-4,306,HO2NO2 = UNITY,0.000255999999353662
MOZART-4,306,MCO3 + NO2 = MPAN,8.76477709854662e-12
MOZART-4,306,MPAN + OH = .5 HYAC + .5 NO3 + .5 CH2O + .5 HO2 + .5 CO2,2.86332520194055e-11
MOZART-4,306,MPAN = MCO3 + NO2,0.00296871736645699
MOZART-4,306,MPAN = UNITY,3.9999998989515e-05
MOZART-4,306,PAN + OH = CH2O + NO3 + CO2,3.99999992980668e-14
MOZART-4,306,PAN = CH3CO3 + NO2,0.00270042265765369
MOZART-4,306,PAN = UNITY,3.9999998989515e-05
MOZART-4,306.5,CH3CO3 + NO2 = PAN,9.56532769658125e-12
MOZART-4,306.5,HO2 + NO2 = HO2NO2,1.24585780060527e-12
MOZART-4,306.5,HO2NO2 + OH = NO2,2.90095074698127e-12
MOZART-4,306.5,HO2NO2 = HO2 + NO2,0.469099879264832
MOZART-4,306.5,HO2NO2 = UNITY,0.000255999999353662
MOZART-4,306.5,MCO3 + NO2 = MPAN,8.76477709854662e-12
MOZART-4,306.5,MPAN + OH = .5 HYAC + .5 NO3 + .5 CH2O + .5 HO2 + .5 CO2,2.86332520194055e-11
MOZART-4,306.5,MPAN = MCO3 + NO2,0.00296871736645699
MOZART-4,306.5,MPAN = UNITY,3.9999998989515e-05
MOZART-4,306.5,PAN + OH = CH2O + NO3 + CO2,3.99999992980668e-14
MOZART-4,306.5,PAN = CH3CO3 + NO2,0.00270042265765369
MOZART-4,306.5,PAN = UNITY,3.9999998989515e-05
MOZART-4,307,CH3CO3 + NO2 = PAN,9.56532769658125e-12
MOZART-4,307,HO2 + NO2 = HO2NO2,1.24585780060527e-12
MOZART-4,307,HO2NO2 + OH = NO2,2.90095074698127e-12
MOZART-4,307,HO2NO2 = HO2 + NO2,0.469099879264832
MOZART-4,307,HO2NO2 = UNITY,0.000255999999353662
MOZART-4,307,MCO3 + NO2 = MPAN,8.76477709854662e-12
MOZART-4,307,MPAN + OH = .5 HYAC + .5 NO3 + .5 CH2O + .5 HO2 + .5 CO2,2.86332520194055e-11
MOZART-4,307,MPAN = MCO3 + NO2,0.00296871736645699
MOZART-4,307,MPAN = UNITY,3.9999998989515e-05
MOZART-4,307,PAN + OH = CH2O + NO3 + CO2,3.99999992980668e-14
MOZART-4,307,PAN = CH3CO3 + NO2,0.00270042265765369
MOZART-4,307,PAN = UNITY,3.9999998989515e-05
MOZART-4,307.5,CH3CO3 + NO2 = PAN,9.56532769658125e-12
MOZART-4,307.5,HO2 + NO2 = HO2NO2,1.24585780060527e-12
MOZART-4,307.5,HO2NO2 + OH = NO2,2.90095074698127e-12
MOZART-4,307.5,HO2NO2 = HO2 + NO2,0.469099879264832
MOZART-4,307.5,HO2NO2 = UNITY,0.000255999999353662
MOZART-4,307.5,MCO3 + NO2 = MPAN,8.76477709854662e-12
MOZART-4,307.5,MPAN + OH = .5 HYAC + .5 NO3 + .5 CH2O + .5 HO2 + .5 CO2,2.86332520194055e-11
MOZART-4,307.5,MPAN = MCO3 + NO2,0.00296871736645699
MOZART-4,307.5,MPAN = UNITY,3.9999998989515e-05
MOZART-4,307.5,PAN + OH = CH2O + NO3 + CO2,3.99999992980668e-14
MOZART-4,307.5,PAN = CH3CO3 + NO2,0.00270042265765369
MOZART-4,307.5,PAN = UNITY,3.9999998989515e-05
MOZART-4,308,CH3CO3 + NO2 = PAN,9.56532769658125e-12
MOZART-4,308,HO2 + NO2 = HO2NO2,1.24585780060527e-12
MOZART-4,308,HO2NO2 + OH = NO2,2.90095074698127e-12
MOZART-4,308,HO2NO2 = HO2 + NO2,0.469099879264832
MOZART-4,308,HO2NO2 = UNITY,0.000255999999353662
MOZART-4,308,MCO3 + NO2 = MPAN,8.76477709854662e-12
MOZART-4,308,MPAN + OH = .5 HYAC + .5 NO3 + .5 CH2O + .5 HO2 + .5 CO2,2.86332520194055e-11
MOZART-4,308,MPAN = MCO3 + NO2,0.00296871736645699
MOZART-4,308,MPAN = UNITY,3.9999998989515e-05
MOZART-4,308,PAN + OH = CH2O + NO3 + CO2,3.99999992980668e-14
MOZART-4,308,PAN = CH3CO3 + NO2,0.00270042265765369
MOZART-4,308,PAN = UNITY,3.9999998989515e-05
MOZART-4,308.5,CH3CO3 + NO2 = PAN,9.56532769658125e-12
MOZART-4,308.5,HO2 + NO2 = HO2NO2,1.24585780060527e-12
MOZART-4,308.5,HO2NO2 + OH = NO2,2.90095074698127e-12
MOZART-4,308.5,HO2NO2 = HO2 + NO2,0.469099879264832
MOZART-4,308.5,HO2NO2 = UNITY,0.000255999999353662
MOZART-4,308.5,MCO3 + NO2 = MPAN,8.76477709854662e-12
MOZART-4,308.5,MPAN + OH = .5 HYAC + .5 NO3 + .5 CH2O + .5 HO2 + .5 CO2,2.86332520194055e-11
MOZART-4,308.5,MPAN = MCO3 + NO2,0.00296871736645699
MOZART-4,308.5,MPAN = UNITY,3.9999998989515e-05
MOZART-4,308.5,PAN + OH = CH2O + NO3 + CO2,3.99999992980668e-14
MOZART-4,308.5,PAN = CH3CO3 + NO2,0.00270042265765369
MOZART-4,308.5,PAN = UNITY,3.9999998989515e-05
MOZART-4,309,CH3CO3 + NO2 = PAN,9.56532769658125e-12
MOZART-4,309,HO2 + NO2 = HO2NO2,1.24585780060527e-12
MOZART-4,309,HO2NO2 + OH = NO2,2.90095074698127e-12
MOZART-4,309,HO2NO2 = HO2 + NO2,0.469099879264832
MOZART-4,309,HO2NO2 = UNITY,0.000255999999353662
MOZART-4,309,MCO3 + NO2 = MPAN,8.76477709854662e-12
MOZART-4,309,MPAN + OH = .5 HYAC + .5 NO3 + .5 CH2O + .5 HO2 + .5 CO2,2.86332520194055e-11
MOZART-4,309,MPAN = MCO3 + NO2,0.00296871736645699
MOZART-4,309,MPAN = UNITY,3.9999998989515e-05
MOZART-4,309,PAN + OH = CH2O + NO3 + CO2,3.99999992980668e-14
MOZART-4,309,PAN = CH3CO3 + NO2,0.00270042265765369
MOZART-4,309,PAN = UNITY,3.9999998989515e-05
MOZART-4,309.5,CH3CO3 + NO2 = PAN,9.56532769658125e-12
MOZART-4,309.5,HO2 + NO2 = HO2NO2,1.24585780060527e-12
MOZART-4,309.5,HO2NO2 + OH = NO2,2.90095074698127e-12
MOZART-4,309.5,HO2NO2 = HO2 + NO2,0.469099879264832
MOZART-4,309.5,HO2NO2 = UNITY,0.000255999999353662
MOZART-4,309.5,MCO3 + NO2 = MPAN,8.76477709854662e-12
MOZART-4,309.5,MPAN + OH = .5 HYAC + .5 NO3 + .5 CH2O + .5 HO2 + .5 CO2,2.86332520194055e-11
MOZART-4,309.5,MPAN = MCO3 + NO2,0.00296871736645699
MOZART-4,309.5,MPAN = UNITY,3.9999998989515e-05
MOZART-4,309.5,PAN + OH = CH2O + NO3 + CO2,3.99999992980668e-14
MOZART-4,309.5,PAN = CH3CO3 + NO2,0.00270042265765369
MOZART-4,309.5,PAN = UNITY,3.9999998989515e-05
MOZART-4,310,CH3CO3 + NO2 = PAN,9.56532769658125e-12
MOZART-4,310,HO2 + NO2 = HO2NO2,1.24585780060527e-12
MOZART-4,310,HO2NO2 + OH = NO2,2.90095074698127e-12
MOZART-4,310,HO2NO2 = HO2 + NO2,0.469099879264832
MOZART-4,310,HO2NO2 = UNITY,0.000255999999353662
MOZART-4,310,MCO3 + NO2 = MPAN,8.76477709854662e-12
MOZART-4,310,MPAN + OH = .5 HYAC + .5 NO3 + .5 CH2O + .5 HO2 + .5 CO2,2.86332520194055e-11
MOZART-4,310,MPAN = MCO3 + NO2,0.00296871736645699
MOZART-4,310,MPAN = UNITY,3.9999998989515e-05
MOZART-4,310,PAN + OH = CH2O + NO3 + CO2,3.99999992980668e-14
MOZART-4,310,PAN = CH3CO3 + NO2,0.00270042265765369
MOZART-4,310,PAN = UNITY,3.9999998989515e-05
MOZART-4,310.5,CH3CO3 + NO2 = PAN,9.56532769658125e-12
MOZART-4,310.5,HO2 + NO2 = HO2NO2,1.24585780060527e-12
MOZART-4,310.5,HO2NO2 + OH = NO2,2.90095074698127e-12
MOZART-4,310.5,HO2NO2 = HO2 + NO2,0.469099879264832
MOZART-4,310.5,HO2NO2 = UNITY,0.000255999999353662
MOZART-4,310.5,MCO3 + NO2 = MPAN,8.76477709854662e-12
MOZART-4,310.5,MPAN + OH = .5 HYAC + .5 NO3 + .5 CH2O + .5 HO2 + .5 CO2,2.86332520194055e-11
MOZART-4,310.5,MPAN = MCO3 + NO2,0.00296871736645699
MOZART-4,310.5,MPAN = UNITY,3.9999998989515e-05
MOZART-4,310.5,PAN + OH = CH2O + NO3 + CO2,3.99999992980668e-14
MOZART-4,310.5,PAN = CH3CO3 + NO2,0.00270042265765369
MOZART-4,310.5,PAN = UNITY,3.9999998989515e-05
MOZART-4,311,CH3CO3 + NO2 = PAN,9.56532769658125e-12
MOZART-4,311,HO2 + NO2 = HO2NO2,1.24585780060527e-12
MOZART-4,311,HO2NO2 + OH = NO2,2.90095074698127e-12
MOZART-4,311,HO2NO2 = HO2 + NO2,0.469099879264832
MOZART-4,311,HO2NO2 = UNITY,0.000255999999353662
MOZART-4,311,MCO3 + NO2 = MPAN,8.76477709854662e-12
MOZART-4,311,MPAN + OH = .5 HYAC + .5 NO3 + .5 CH2O + .5 HO2 + .5 CO2,2.86332520194055e-11
MOZART-4,311,MPAN = MCO3 + NO2,0.00296871736645699
MOZART-4,311,MPAN = UNITY,3.9999998989515e-05
MOZART-4,311,PAN + OH = CH2O + NO3 + CO2,3.99999992980668e-14
MOZART-4,311,PAN = CH3CO3 + NO2,0.00270042265765369
MOZART-4,311,PAN = UNITY,3.9999998989515e-05
MOZART-4,311.5,CH3CO3 + NO2 = PAN,9.56532769658125e-12
MOZART-4,311.5,HO2 + NO2 = HO2NO2,1.24585780060527e-12
MOZART-4,311.5,HO2NO2 + OH = NO2,2.90095074698127e-12
MOZART-4,311.5,HO2NO2 = HO2 + NO2,0.469099879264832
MOZART-4,311.5,HO2NO2 = UNITY,0.000255999999353662
MOZART-4,311.5,MCO3 + NO2 = MPAN,8.76477709854662e-12
MOZART-4,311.5,MPAN + OH = .5 HYAC + .5 NO3 + .5 CH2O + .5 HO2 + .5 CO2,2.86332520194055e-11
MOZART-4,311.5,MPAN = MCO3 + NO2,0.00296871736645699
MOZART-4,311.5,MPAN = UNITY,3.9999998989515e-05
MOZART-4,311.5,PAN + OH = CH2O + NO3 + CO2,3.99999992980668e-14
MOZART-4,311.5,PAN = CH3CO3 + NO2,0.00270042265765369
MOZART-4,311.5,PAN = UNITY,3.9999998989515e-05
MOZART-4,312,CH3CO3 + NO2 = PAN,9.56532769658125e-12
MOZART-4,312,HO2 + NO2 = HO2NO2,1.24585780060527e-12
MOZART-4,312,HO2NO2 + OH = NO2,2.90095074698127e-12
MOZART-4,312,HO2NO2 = HO2 + NO2,0.469099879264832
MOZART-4,312,HO2NO2 = UNITY,0.000255999999353662
MOZART-4,312,MCO3 + NO2 = MPAN,8.76477709854662e-12
MOZART-4,312,MPAN + OH = .5 HYAC + .5 NO3 + .5 CH2O + .5 HO2 + .5 CO2,2.86332520194055e-11
MOZART-4,312,MPAN = MCO3 + NO2,0.00296871736645699
MOZART-4,312,MPAN = UNITY,3.9999998989515e-05
MOZART-4,312,PAN + OH = CH2O + NO3 + CO2,3.99999992980668e-14
MOZART-4,312,PAN = CH3CO3 + NO2,0.00270042265765369
MOZART-4,312,PAN = UNITY,3.9999998989515e-05
MOZART-4,312.5,CH3CO3 + NO2 = PAN,9.56532769658125e-12
MOZART-4,312.5,HO2 + NO2 = HO2NO2,1.24585780060527e-12
MOZART-4,312.5,HO2NO2 + OH = NO2,2.90095074698127e-12
MOZART-4,312.5,HO2NO2 = HO2 + NO2,0.469099879264832
MOZART-4,312.5,HO2NO2 = UNITY,0.000255999999353662
MOZART-4,312.5,MCO3 + NO2 = MPAN,8.76477709854662e-12
MOZART-4,312.5,MPAN + OH = .5 HYAC + .5 NO3 + .5 CH2O + .5 HO2 + .5 CO2,2.86332520194055e-11
MOZART-4,312.5,MPAN = MCO3 + NO2,0.00296871736645699
MOZART-4,312.5,MPAN = UNITY,3.9999998989515e-05
MOZART-4,312.5,PAN + OH = CH2O + NO3 + CO2,3.99999992980668e-14
MOZART-4,312.5,PAN = CH3CO3 + NO2,0.00270042265765369
MOZART-4,312.5,PAN = UNITY,3.9999998989515e-05
MOZART-4,313,CH3CO3 + NO2 = PAN,9.56532769658125e-12
MOZART-4,313,HO2 + NO2 = HO2NO2,1.24585780060527e-12
MOZART-4,313,HO2NO2 + OH = NO2,2.90095074698127e-12
MOZART-4,313,HO2NO2 = HO2 + NO2,0.469099879264832
MOZART-4,313,HO2NO2 = UNITY,0.000255999999353662
MOZART-4,313,MCO3 + NO2 = MPAN,8.76477709854662e-12
MOZART-4,313,MPAN + OH = .5 HYAC + .5 NO3 + .5 CH2O + .5 HO2 + .5 CO2,2.86332520194055e-11
MOZART-4,313,MPAN = MCO3 + NO2,0.00296871736645699
MOZART-4,313,MPAN = UNITY,3.9999998989515e-05
MOZART-4,313,PAN + OH = CH2O + NO3 + CO2,3.99999992980668e-14
MOZART-4,313,PAN = CH3CO3 + NO2,0.00270042265765369
MOZART-4,313,PAN = UNITY,3.9999998989515e-05
